email,first_name,last_name,phone,city,country
rohan.das.1@yahoo.com,Rohan,Das,+918458560989,Gurgaon,India
aarav.patel.2@yahoo.com,Aarav,Patel,+917052769545,Noida,India
shubham.bansal.3@outlook.com,Shubham,Bansal,+918260489541,Indore,India
priya.singh.4@outlook.com,Priya,Singh,+919737771017,Kolkata,India
ritu.mehta.5@yahoo.com,Ritu,Mehta,+919235851904,Noida,India
manish.kumar.6@yahoo.com,Manish,Kumar,+916385718438,Mumbai,India
arjun.malhotra.7@gmail.com,Arjun,Malhotra,+918954966006,Hyderabad,India
vivaan.das.8@outlook.com,Vivaan,Das,+917893354253,Pune,India
sneha.chopra.9@gmail.com,Sneha,Chopra,+916293811104,Chennai,India
amit.chatterjee.10@outlook.com,Amit,Chatterjee,+917559616715,Mumbai,India
mahesh.singh.11@outlook.com,Mahesh,Singh,+919596697721,Gurgaon,India
nandini.mukherjee.12@gmail.com,Nandini,Mukherjee,+917283864805,Bengaluru,India
isha.patel.13@outlook.com,Isha,Patel,+917330593923,Mumbai,India
anjali.chatterjee.14@gmail.com,Anjali,Chatterjee,+916959515019,Bengaluru,India
manish.chopra.15@gmail.com,Manish,Chopra,+919652756554,Indore,India
neha.gupta.16@gmail.com,Neha,Gupta,+917629880887,Ahmedabad,India
akash.jain.17@gmail.com,Akash,Jain,+917152523292,Kolkata,India
arjun.iyer.18@gmail.com,Arjun,Iyer,+919200012192,Indore,India
sneha.rao.19@yahoo.com,Sneha,Rao,+917796640781,Mumbai,India
arjun.verma.20@outlook.com,Arjun,Verma,+917690945977,Indore,India
amit.jain.21@yahoo.com,Amit,Jain,+919343746540,Kolkata,India
meera.reddy.22@outlook.com,Meera,Reddy,+918766970545,Pune,India
kunal.malhotra.23@yahoo.com,Kunal,Malhotra,+917601540498,Chennai,India
ritika.iyer.24@outlook.com,Ritika,Iyer,+919988135287,Delhi,India
rohan.bansal.25@gmail.com,Rohan,Bansal,+916080193104,Hyderabad,India
meera.das.26@gmail.com,Meera,Das,+916206804784,Pune,India
vikas.rao.27@outlook.com,Vikas,Rao,+916434750757,Jaipur,India
kunal.agarwal.28@gmail.com,Kunal,Agarwal,+919313683948,Gurgaon,India
suresh.malhotra.29@outlook.com,Suresh,Malhotra,+917135275208,Mumbai,India
sneha.das.30@outlook.com,Sneha,Das,+917240264475,Gurgaon,India
mahesh.khanna.31@gmail.com,Mahesh,Khanna,+917552402181,Gurgaon,India
deepak.singh.32@outlook.com,Deepak,Singh,+919519202245,Banglore,India
neha.banerjee.33@outlook.com,Neha,Banerjee,+918515915610,Pune,India
ritu.bansal.34@gmail.com,Ritu,Bansal,+919986009656,Ahmedabad,India
swati.gupta.35@outlook.com,Swati,Gupta,+919374920743,Pune,India
aarav.kumar.36@outlook.com,Aarav,Kumar,+917534337283,Pune,India
pooja.jain.37@outlook.com,Pooja,Jain,+917172175734,Mumbai,India
rohan.rao.38@yahoo.com,Rohan,Rao,+919121293564,Kolkata,India
nikhil.ghosh.39@outlook.com,Nikhil,Ghosh,+918688722795,Mumbai,India
isha.rao.40@gmail.com,Isha,Rao,+917726525513,Gurgaon,India
meera.mukherjee.41@gmail.com,Meera,Mukherjee,+918340106119,Bengaluru,India
suresh.rao.42@yahoo.com,Suresh,Rao,+918111541746,Mumbai,India
rohan.chatterjee.43@gmail.com,Rohan,Chatterjee,+918088530834,Mumbai,India
ritu.sharma.44@yahoo.com,Ritu,Sharma,+918401717544,Indore,India
neha.khanna.45@yahoo.com,Neha,Khanna,+919896681760,Mumbai,India
ritika.mukherjee.46@gmail.com,Ritika,Mukherjee,+919246996915,Noida,India
ritika.agarwal.47@yahoo.com,Ritika,Agarwal,+917815611482,Bengaluru,India
swati.patel.48@outlook.com,Swati,Patel,+917159223794,Gurgaon,India
pooja.mukherjee.49@outlook.com,Pooja,Mukherjee,+917703966487,Gurgaon,India
ritika.verma.50@outlook.com,Ritika,Verma,+917151099866,Delhi,India
shubham.das.51@gmail.com,Shubham,Das,+919611839586,Chennai,India
ramesh.kumar.52@gmail.com,Ramesh,Kumar,+916896692463,Mumbai,India
rohan.banerjee.53@yahoo.com,Rohan,Banerjee,+917234066092,Indore,India
kunal.khanna.54@outlook.com,Kunal,Khanna,+918880651292,Mumbai,India
rohan.banerjee.55@gmail.com,Rohan,Banerjee,+916758202695,Jaipur,India
nandini.jain.56@yahoo.com,Nandini,Jain,+919712480680,Bengaluru,India
vikas.reddy.57@gmail.com,Vikas,Reddy,+917886815239,Mumbai,India
ramesh.khanna.58@yahoo.com,Ramesh,Khanna,+917106761920,Hyderabad,India
isha.iyer.59@gmail.com,Isha,Iyer,+917271168581,Gurgaon,India
shubham.verma.60@outlook.com,Shubham,Verma,+917136334710,Delhi,India
ramesh.singh.61@gmail.com,Ramesh,Singh,+918156878112,Mumbai,India
suresh.mukherjee.62@outlook.com,Suresh,Mukherjee,+919288761974,Noida,India
swati.jain.63@yahoo.com,Swati,Jain,+918945568135,Chennai,India
ramesh.bansal.64@gmail.com,Ramesh,Bansal,+916625012694,Bengaluru,India
sneha.patel.65@gmail.com,Sneha,Patel,+919582840090,Hyderabad,India
nandini.malhotra.66@yahoo.com,Nandini,Malhotra,+916766651096,Chennai,India
neha.chopra.67@outlook.com,Neha,Chopra,+918175243236,Indore,India
akash.singh.68@yahoo.com,Akash,Singh,+916311842563,Bengaluru,India
kavya.singh.69@outlook.com,Kavya,Singh,+917869134875,Delhi,India
suresh.agarwal.70@gmail.com,Suresh,Agarwal,+917107606256,Delhi,India
ritu.khanna.71@yahoo.com,Ritu,Khanna,+919359333235,Indore,India
vikas.bansal.72@outlook.com,Vikas,Bansal,+918737516380,Hyderabad,India
anjali.mehta.73@yahoo.com,Anjali,Mehta,+919494122952,Mumbai,India
meera.jain.74@gmail.com,Meera,Jain,+919200584421,Chennai,India
suresh.sharma.75@outlook.com,Suresh,Sharma,+916989643854,Jaipur,India
amit.patel.76@yahoo.com,Amit,Patel,+917687857092,Hyderabad,India
nikhil.jain.77@outlook.com,Nikhil,Jain,+918608803864,Delhi,India
amit.chopra.78@yahoo.com,Amit,Chopra,+917124728744,Chennai,India
rohan.sharma.79@gmail.com,Rohan,Sharma,+919539213989,Ahmedabad,India
sneha.mehta.80@yahoo.com,Sneha,Mehta,+917900265527,Pune,India
aarav.mehta.81@gmail.com,Aarav,Mehta,+917853513165,Bengaluru,India
amit.malhotra.82@yahoo.com,Amit,Malhotra,+919384238491,Delhi,India
anjali.patel.83@gmail.com,Anjali,Patel,+917468686407,Jaipur,India
suresh.reddy.84@outlook.com,Suresh,Reddy,+919836064985,Hyderabad,India
suresh.verma.85@yahoo.com,Suresh,Verma,+916342257614,Kolkata,India
vikas.mehta.86@outlook.com,Vikas,Mehta,+918640700729,Indore,India
shubham.reddy.87@gmail.com,Shubham,Reddy,+917781466393,Jaipur,India
meera.mukherjee.88@gmail.com,Meera,Mukherjee,+917280191353,Delhi,India
meera.verma.89@yahoo.com,Meera,Verma,+916143938774,Noida,India
ananya.agarwal.90@yahoo.com,Ananya,Agarwal,+917209365142,Ahmedabad,India
ramesh.kumar.91@outlook.com,Ramesh,Kumar,+916723708484,Ahmedabad,India
aarav.jain.92@gmail.com,Aarav,Jain,+919576624564,Chennai,India
swati.bansal.93@outlook.com,Swati,Bansal,+918811399222,Kolkata,India
vivaan.mehta.94@yahoo.com,Vivaan,Mehta,+919995197034,Kolkata,India
arjun.das.95@yahoo.com,Arjun,Das,+919159973955,Mumbai,India
aditya.bansal.96@gmail.com,Aditya,Bansal,+919241127589,Hyderabad,India
ramesh.khanna.97@outlook.com,Ramesh,Khanna,+917853574732,Hyderabad,India
rohan.chatterjee.98@gmail.com,Rohan,Chatterjee,+917983392075,Jaipur,India
manish.chatterjee.99@yahoo.com,Manish,Chatterjee,+917482163559,Pune,India
neha.singh.100@yahoo.com,Neha,Singh,+918602645940,Indore,India
rohan.verma.101@gmail.com,Rohan,Verma,+917587502240,Delhi,India
mahesh.agarwal.102@yahoo.com,Mahesh,Agarwal,+917970123475,Gurgaon,India
deepak.das.103@yahoo.com,Deepak,Das,+918516818776,Delhi,India
manish.reddy.104@yahoo.com,Manish,Reddy,+916595058082,Mumbai,India
manish.jain.105@yahoo.com,Manish,Jain,+917925829542,Chennai,India
swati.iyer.106@gmail.com,Swati,Iyer,+917171975111,Hyderabad,India
amit.chopra.107@gmail.com,Amit,Chopra,+918684905508,Delhi,India
meera.sharma.108@yahoo.com,Meera,Sharma,+919984512511,Indore,India
deepak.banerjee.109@yahoo.com,Deepak,Banerjee,+916611457253,Indore,India
suresh.iyer.110@gmail.com,Suresh,Iyer,+917123416122,Mumbai,India
amit.verma.111@gmail.com,Amit,Verma,+917579088514,Bengaluru,India
ananya.malhotra.112@yahoo.com,Ananya,Malhotra,+916941294510,Bengaluru,India
kunal.chopra.113@yahoo.com,Kunal,Chopra,+918416029411,Ahmedabad,India
manish.mehta.114@gmail.com,Manish,Mehta,+916490096425,Pune,India
ritika.kumar.115@gmail.com,Ritika,Kumar,+916574063003,Noida,India
arjun.iyer.116@yahoo.com,Arjun,Iyer,+917159040178,Pune,India
isha.sharma.117@gmail.com,Isha,Sharma,+918807945812,Indore,India
ananya.bansal.118@yahoo.com,Ananya,Bansal,+917126822785,Delhi,India
nikhil.iyer.119@outlook.com,Nikhil,Iyer,+918508205444,Ahmedabad,India
amit.das.120@outlook.com,Amit,Das,+916860065629,Kolkata,India
anjali.rao.121@outlook.com,Anjali,Rao,+919254220427,Mumbai,India
shubham.das.122@outlook.com,Shubham,Das,+918443351739,Mumbai,India
isha.chatterjee.123@yahoo.com,Isha,Chatterjee,+916865738016,Jaipur,India
arjun.chatterjee.124@outlook.com,Arjun,Chatterjee,+917424941261,Indore,India
manish.das.125@gmail.com,Manish,Das,+918685161263,Indore,India
ananya.patel.126@outlook.com,Ananya,Patel,+917618278601,Chennai,India
manish.iyer.127@outlook.com,Manish,Iyer,+918213312042,Hyderabad,India
shubham.ghosh.128@outlook.com,Shubham,Ghosh,+916244980135,Jaipur,India
vikas.patel.129@gmail.com,Vikas,Patel,+918710361400,Hyderabad,India
manish.chatterjee.130@outlook.com,Manish,Chatterjee,+918021672664,Pune,India
manish.bansal.131@outlook.com,Manish,Bansal,+919483711840,Bengaluru,India
isha.agarwal.132@gmail.com,Isha,Agarwal,+919538129379,Hyderabad,India
ananya.banerjee.133@gmail.com,Ananya,Banerjee,+917097019521,Ahmedabad,India
suresh.chatterjee.134@yahoo.com,Suresh,Chatterjee,+919481420850,Chennai,India
amit.banerjee.135@yahoo.com,Amit,Banerjee,+917995999606,Jaipur,India
neha.khanna.136@gmail.com,Neha,Khanna,+917864268405,Bengaluru,India
nandini.chatterjee.137@outlook.com,Nandini,Chatterjee,+917960761971,Indore,India
aditya.mehta.138@gmail.com,Aditya,Mehta,+916079670954,Indore,India
swati.mukherjee.139@outlook.com,Swati,Mukherjee,+919173982166,Gurgaon,India
shubham.gupta.140@yahoo.com,Shubham,Gupta,+916422661622,Pune,India
nikhil.rao.141@outlook.com,Nikhil,Rao,+919065287165,Chennai,India
mahesh.gupta.142@outlook.com,Mahesh,Gupta,+917133060062,Noida,India
kavya.reddy.143@outlook.com,Kavya,Reddy,+919817831261,Kolkata,India
ritu.mehta.144@outlook.com,Ritu,Mehta,+919118973997,Mumbai,India
aarav.khanna.145@gmail.com,Aarav,Khanna,+916222326557,Jaipur,India
sneha.malhotra.146@outlook.com,Sneha,Malhotra,+919034012409,Bengaluru,India
amit.kumar.147@outlook.com,Amit,Kumar,+919820381159,Bengaluru,India
nikhil.kumar.148@gmail.com,Nikhil,Kumar,+916590275347,Jaipur,India
manish.mukherjee.149@gmail.com,Manish,Mukherjee,+917635078853,Kolkata,India
arjun.das.150@yahoo.com,Arjun,Das,+918987482505,Bengaluru,India
neha.kumar.151@outlook.com,Neha,Kumar,+916701843266,Pune,India
meera.ghosh.152@yahoo.com,Meera,Ghosh,+916546079708,Mumbai,India
ramesh.chatterjee.153@yahoo.com,Ramesh,Chatterjee,+917555258210,Jaipur,India
rahul.khanna.154@outlook.com,Rahul,Khanna,+918676147149,Bengaluru,India
ramesh.chatterjee.155@yahoo.com,Ramesh,Chatterjee,+917315438845,Noida,India
ritika.bansal.156@outlook.com,Ritika,Bansal,+917890266334,Ahmedabad,India
aarav.rao.157@gmail.com,Aarav,Rao,+919417028721,Ahmedabad,India
rahul.iyer.158@gmail.com,Rahul,Iyer,+917500263704,Ahmedabad,India
manish.patel.159@gmail.com,Manish,Patel,+919675260866,Kolkata,India
ananya.chopra.160@outlook.com,Ananya,Chopra,+916503611199,Jaipur,India
shubham.agarwal.161@yahoo.com,Shubham,Agarwal,+918165776436,Pune,India
suresh.verma.162@gmail.com,Suresh,Verma,+916845510184,Pune,India
akash.banerjee.163@outlook.com,Akash,Banerjee,+918717913040,Pune,India
neha.gupta.164@gmail.com,Neha,Gupta,+919467384148,Noida,India
nikhil.khanna.165@outlook.com,Nikhil,Khanna,+919673827028,Ahmedabad,India
deepak.jain.166@outlook.com,Deepak,Jain,+916897932716,Noida,India
swati.reddy.167@gmail.com,Swati,Reddy,+916263888175,Bengaluru,India
nandini.reddy.168@gmail.com,Nandini,Reddy,+916698764103,Mumbai,India
manish.mehta.169@gmail.com,Manish,Mehta,+919971087457,Kolkata,India
deepak.chopra.170@outlook.com,Deepak,Chopra,+918765480860,Bengaluru,India
neha.agarwal.171@gmail.com,Neha,Agarwal,+917034451888,Hyderabad,India
ritika.reddy.172@gmail.com,Ritika,Reddy,+916987345322,Delhi,India
deepak.chopra.173@gmail.com,Deepak,Chopra,+919455684322,Hyderabad,India
priya.sharma.174@outlook.com,Priya,Sharma,+918031062481,Jaipur,India
vivaan.singh.175@gmail.com,Vivaan,Singh,+918892218218,Ahmedabad,India
sneha.gupta.176@outlook.com,Sneha,Gupta,+918678172311,Ahmedabad,India
manish.kumar.177@gmail.com,Manish,Kumar,+917530387085,Delhi,India
rahul.chatterjee.178@outlook.com,Rahul,Chatterjee,+916149306363,Pune,India
vikas.jain.179@yahoo.com,Vikas,Jain,+918133523275,Hyderabad,India
ananya.kumar.180@gmail.com,Ananya,Kumar,+916733437572,Pune,India
swati.verma.181@yahoo.com,Swati,Verma,+919903848399,Indore,India
kavya.khanna.182@gmail.com,Kavya,Khanna,+918361391920,Jaipur,India
sneha.singh.183@outlook.com,Sneha,Singh,+917722527722,Bengaluru,India
rohan.reddy.184@yahoo.com,Rohan,Reddy,+918091951852,Indore,India
arjun.reddy.185@yahoo.com,Arjun,Reddy,+918322739383,Noida,India
akash.singh.186@gmail.com,Akash,Singh,+917525945152,Ahmedabad,India
shubham.reddy.187@yahoo.com,Shubham,Reddy,+917556191158,Jaipur,India
kavya.malhotra.188@outlook.com,Kavya,Malhotra,+919044328872,Jaipur,India
swati.ghosh.189@yahoo.com,Swati,Ghosh,+917444976117,Mumbai,India
vivaan.bansal.190@outlook.com,Vivaan,Bansal,+916105870154,Delhi,India
vikas.rao.191@gmail.com,Vikas,Rao,+919946917748,Hyderabad,India
arjun.chopra.192@yahoo.com,Arjun,Chopra,+916195669688,Delhi,India
amit.rao.193@gmail.com,Amit,Rao,+918102464300,Gurgaon,India
ananya.jain.194@yahoo.com,Ananya,Jain,+916173219221,Delhi,India
vikas.malhotra.195@outlook.com,Vikas,Malhotra,+918647747751,Ahmedabad,India
amit.iyer.196@gmail.com,Amit,Iyer,+917556885750,Hyderabad,India
neha.singh.197@yahoo.com,Neha,Singh,+919554588205,Ahmedabad,India
amit.agarwal.198@yahoo.com,Amit,Agarwal,+917964750106,Mumbai,India
rahul.das.199@yahoo.com,Rahul,Das,+918173325623,Jaipur,India
swati.iyer.200@yahoo.com,Swati,Iyer,+919421319534,Hyderabad,India
ritu.bansal.201@yahoo.com,Ritu,Bansal,+919937585140,Mumbai,India
priya.chopra.202@gmail.com,Priya,Chopra,+916674628345,Hyderabad,India
nikhil.iyer.203@yahoo.com,Nikhil,Iyer,+917160228299,Bengaluru,India
vivaan.kumar.204@yahoo.com,Vivaan,Kumar,+919049104927,Ahmedabad,India
manish.banerjee.205@gmail.com,Manish,Banerjee,+919330797184,Pune,India
isha.kumar.206@gmail.com,Isha,Kumar,+916720788042,Mumbai,India
mahesh.chopra.207@yahoo.com,Mahesh,Chopra,+919319741819,Indore,India
arjun.iyer.208@gmail.com,Arjun,Iyer,+919384517599,Pune,India
akash.agarwal.209@yahoo.com,Akash,Agarwal,+918231404250,Hyderabad,India
nikhil.reddy.210@yahoo.com,Nikhil,Reddy,+919306054923,Indore,India
ramesh.gupta.211@gmail.com,Ramesh,Gupta,+919131616743,Gurgaon,India
swati.singh.212@outlook.com,Swati,Singh,+916790822042,Pune,India
manish.ghosh.213@gmail.com,Manish,Ghosh,+917760148057,Chennai,India
aarav.khanna.214@yahoo.com,Aarav,Khanna,+918685124275,Jaipur,India
vivaan.mukherjee.215@yahoo.com,Vivaan,Mukherjee,+916820608192,Gurgaon,India
meera.rao.216@yahoo.com,Meera,Rao,+919745302591,Noida,India
ritika.agarwal.217@gmail.com,Ritika,Agarwal,+918680222891,Gurgaon,India
neha.das.218@gmail.com,Neha,Das,+918297022181,Mumbai,India
isha.verma.219@yahoo.com,Isha,Verma,+919319902862,Kolkata,India
vikas.singh.220@outlook.com,Vikas,Singh,+916297474295,Delhi,India
sneha.chatterjee.221@gmail.com,Sneha,Chatterjee,+918776613133,Hyderabad,India
suresh.patel.222@outlook.com,Suresh,Patel,+919931855518,Mumbai,India
isha.reddy.223@outlook.com,Isha,Reddy,+916082322523,Mumbai,India
vivaan.mukherjee.224@yahoo.com,Vivaan,Mukherjee,+917334368025,Indore,India
kavya.banerjee.225@yahoo.com,Kavya,Banerjee,+919316277368,Pune,India
manish.bansal.226@outlook.com,Manish,Bansal,+917572656622,Hyderabad,India
kunal.gupta.227@outlook.com,Kunal,Gupta,+918305657761,Ahmedabad,India
kunal.jain.228@yahoo.com,Kunal,Jain,+918161934259,Hyderabad,India
neha.gupta.229@yahoo.com,Neha,Gupta,+916161604005,Gurgaon,India
deepak.agarwal.230@outlook.com,Deepak,Agarwal,+919204864446,Indore,India
priya.agarwal.231@yahoo.com,Priya,Agarwal,+918349093509,Mumbai,India
swati.agarwal.232@gmail.com,Swati,Agarwal,+919449479217,Indore,India
kunal.iyer.233@outlook.com,Kunal,Iyer,+917164658610,Jaipur,India
aditya.sharma.234@gmail.com,Aditya,Sharma,+919394789020,Gurgaon,India
swati.singh.235@yahoo.com,Swati,Singh,+919104566869,Bengaluru,India
sneha.rao.236@outlook.com,Sneha,Rao,+916170018326,Jaipur,India
amit.singh.237@gmail.com,Amit,Singh,+916417754866,Jaipur,India
meera.singh.238@yahoo.com,Meera,Singh,+917005490386,Ahmedabad,India
isha.verma.239@yahoo.com,Isha,Verma,+916154847118,Kolkata,India
manish.das.240@gmail.com,Manish,Das,+917356253028,Gurgaon,India
mahesh.banerjee.241@yahoo.com,Mahesh,Banerjee,+917904123737,Ahmedabad,India
nandini.bansal.242@yahoo.com,Nandini,Bansal,+916541795637,Indore,India
amit.singh.243@gmail.com,Amit,Singh,+917202006428,Noida,India
rohan.das.244@yahoo.com,Rohan,Das,+917749764748,Gurgaon,India
arjun.mukherjee.245@gmail.com,Arjun,Mukherjee,+916790318699,Delhi,India
kavya.verma.246@yahoo.com,Kavya,Verma,+916397357807,Delhi,India
amit.malhotra.247@outlook.com,Amit,Malhotra,+916750064438,Bengaluru,India
ritika.gupta.248@yahoo.com,Ritika,Gupta,+917070534821,Delhi,India
swati.verma.249@yahoo.com,Swati,Verma,+917162227387,Pune,India
arjun.iyer.250@yahoo.com,Arjun,Iyer,+919908847404,Jaipur,India
suresh.mehta.251@gmail.com,Suresh,Mehta,+918933778153,Ahmedabad,India
arjun.singh.252@yahoo.com,Arjun,Singh,+917019787405,Kolkata,India
vikas.patel.253@outlook.com,Vikas,Patel,+917354909274,Chennai,India
aarav.sharma.254@outlook.com,Aarav,Sharma,+917272644254,Gurgaon,India
manish.sharma.255@outlook.com,Manish,Sharma,+916220266212,Delhi,India
nikhil.chatterjee.256@yahoo.com,Nikhil,Chatterjee,+916431884078,Chennai,India
ritika.banerjee.257@outlook.com,Ritika,Banerjee,+918773856787,Bengaluru,India
vikas.banerjee.258@outlook.com,Vikas,Banerjee,+917222526369,Indore,India
vivaan.ghosh.259@yahoo.com,Vivaan,Ghosh,+919236293679,Kolkata,India
pooja.kumar.260@gmail.com,Pooja,Kumar,+917466736435,Noida,India
mahesh.singh.261@outlook.com,Mahesh,Singh,+916193828401,Indore,India
rahul.banerjee.262@yahoo.com,Rahul,Banerjee,+919944427711,Pune,India
deepak.das.263@yahoo.com,Deepak,Das,+918013528501,Pune,India
aarav.mukherjee.264@outlook.com,Aarav,Mukherjee,+917590798808,Mumbai,India
arjun.chopra.265@outlook.com,Arjun,Chopra,+918124916388,Hyderabad,India
kavya.agarwal.266@yahoo.com,Kavya,Agarwal,+917389112597,Delhi,India
nikhil.verma.267@yahoo.com,Nikhil,Verma,+918841383183,Delhi,India
nikhil.khanna.268@gmail.com,Nikhil,Khanna,+919896309109,Bengaluru,India
swati.khanna.269@yahoo.com,Swati,Khanna,+918202049450,Gurgaon,India
swati.malhotra.270@outlook.com,Swati,Malhotra,+918465174180,Ahmedabad,India
meera.kumar.271@gmail.com,Meera,Kumar,+919874910759,Kolkata,India
sneha.mehta.272@outlook.com,Sneha,Mehta,+918811189541,Ahmedabad,India
pooja.rao.273@gmail.com,Pooja,Rao,+918279485133,Gurgaon,India
rohan.jain.274@gmail.com,Rohan,Jain,+919726623850,Chennai,India
isha.jain.275@gmail.com,Isha,Jain,+918438223818,Hyderabad,India
vikas.chopra.276@outlook.com,Vikas,Chopra,+916373895912,Indore,India
anjali.rao.277@yahoo.com,Anjali,Rao,+916358345611,Hyderabad,India
amit.mehta.278@gmail.com,Amit,Mehta,+917096002768,Gurgaon,India
manish.chatterjee.279@outlook.com,Manish,Chatterjee,+918583008550,Pune,India
nikhil.reddy.280@yahoo.com,Nikhil,Reddy,+919382393843,Delhi,India
priya.sharma.281@yahoo.com,Priya,Sharma,+916848359559,Indore,India
manish.gupta.282@gmail.com,Manish,Gupta,+919159343247,Chennai,India
aarav.chatterjee.283@gmail.com,Aarav,Chatterjee,+916632720956,Gurgaon,India
meera.khanna.284@yahoo.com,Meera,Khanna,+917557971449,Hyderabad,India
neha.das.285@yahoo.com,Neha,Das,+916432758943,Delhi,India
deepak.patel.286@gmail.com,Deepak,Patel,+917263466415,Jaipur,India
neha.ghosh.287@yahoo.com,Neha,Ghosh,+919352843381,Gurgaon,India
priya.chatterjee.288@yahoo.com,Priya,Chatterjee,+918430530302,Bengaluru,India
nandini.mehta.289@yahoo.com,Nandini,Mehta,+919060854959,Gurgaon,India
akash.jain.290@outlook.com,Akash,Jain,+918490755845,Kolkata,India
ramesh.malhotra.291@gmail.com,Ramesh,Malhotra,+918967316123,Pune,India
pooja.gupta.292@outlook.com,Pooja,Gupta,+916276608049,Gurgaon,India
deepak.malhotra.293@yahoo.com,Deepak,Malhotra,+917900630142,Indore,India
aditya.khanna.294@outlook.com,Aditya,Khanna,+918239220497,Gurgaon,India
ramesh.bansal.295@gmail.com,Ramesh,Bansal,+918816671528,Indore,India
vikas.das.296@gmail.com,Vikas,Das,+919745788760,Ahmedabad,India
shubham.patel.297@yahoo.com,Shubham,Patel,+919426272004,Jaipur,India
amit.reddy.298@yahoo.com,Amit,Reddy,+918017601710,Delhi,India
suresh.jain.299@gmail.com,Suresh,Jain,+917811376029,Noida,India
ritu.khanna.300@yahoo.com,Ritu,Khanna,+916157590469,Noida,India
kavya.jain.301@outlook.com,Kavya,Jain,+916405820350,Noida,India
neha.rao.302@gmail.com,Neha,Rao,+916559047235,Ahmedabad,India
arjun.banerjee.303@outlook.com,Arjun,Banerjee,+916005742181,Hyderabad,India
aarav.khanna.304@gmail.com,Aarav,Khanna,+916702331434,Hyderabad,India
nandini.rao.305@yahoo.com,Nandini,Rao,+919310378100,Bengaluru,India
nandini.reddy.306@yahoo.com,Nandini,Reddy,+918724541300,Ahmedabad,India
mahesh.verma.307@yahoo.com,Mahesh,Verma,+918566399661,Hyderabad,India
rahul.singh.308@yahoo.com,Rahul,Singh,+919622877875,Kolkata,India
nikhil.verma.309@gmail.com,Nikhil,Verma,+918047686946,Indore,India
arjun.chopra.310@gmail.com,Arjun,Chopra,+916749842740,Pune,India
kunal.singh.311@gmail.com,Kunal,Singh,+919819969811,Chennai,India
aarav.chopra.312@gmail.com,Aarav,Chopra,+919845253345,Mumbai,India
neha.khanna.313@gmail.com,Neha,Khanna,+918663118203,Pune,India
vivaan.rao.314@yahoo.com,Vivaan,Rao,+919772653549,Indore,India
isha.mukherjee.315@outlook.com,Isha,Mukherjee,+918650545537,Indore,India
shubham.kumar.316@outlook.com,Shubham,Kumar,+916814096276,Pune,India
vivaan.reddy.317@yahoo.com,Vivaan,Reddy,+919053266843,Ahmedabad,India
kavya.kumar.318@outlook.com,Kavya,Kumar,+918704607031,Mumbai,India
amit.rao.319@gmail.com,Amit,Rao,+918720145498,Kolkata,India
suresh.gupta.320@outlook.com,Suresh,Gupta,+917192888251,Gurgaon,India
arjun.das.321@yahoo.com,Arjun,Das,+918200521736,Indore,India
rahul.kumar.322@yahoo.com,Rahul,Kumar,+918502346579,Hyderabad,India
vikas.mehta.323@outlook.com,Vikas,Mehta,+919490093099,Pune,India
rohan.khanna.324@gmail.com,Rohan,Khanna,+917549220044,Kolkata,India
anjali.bansal.325@gmail.com,Anjali,Bansal,+919414233151,Noida,India
manish.iyer.326@yahoo.com,Manish,Iyer,+918014516937,Noida,India
nandini.mukherjee.327@gmail.com,Nandini,Mukherjee,+919538599942,Bengaluru,India
neha.chatterjee.328@outlook.com,Neha,Chatterjee,+916537997890,Kolkata,India
amit.verma.329@outlook.com,Amit,Verma,+919864743905,Delhi,India
aarav.rao.330@gmail.com,Aarav,Rao,+918879447170,Gurgaon,India
nikhil.malhotra.331@gmail.com,Nikhil,Malhotra,+916988023031,Ahmedabad,India
suresh.singh.332@outlook.com,Suresh,Singh,+919452248052,Hyderabad,India
meera.mukherjee.333@gmail.com,Meera,Mukherjee,+919360517543,Ahmedabad,India
kavya.chatterjee.334@outlook.com,Kavya,Chatterjee,+918453511182,Hyderabad,India
aarav.rao.335@gmail.com,Aarav,Rao,+916158542029,Noida,India
kunal.verma.336@yahoo.com,Kunal,Verma,+918129673285,Chennai,India
aarav.iyer.337@yahoo.com,Aarav,Iyer,+918282212166,Bengaluru,India
aditya.chopra.338@outlook.com,Aditya,Chopra,+919181008301,Kolkata,India
priya.jain.339@yahoo.com,Priya,Jain,+917951731587,Hyderabad,India
anjali.patel.340@outlook.com,Anjali,Patel,+916088423109,Pune,India
ritu.singh.341@gmail.com,Ritu,Singh,+916371270340,Jaipur,India
aditya.mehta.342@outlook.com,Aditya,Mehta,+919129292807,Pune,India
nikhil.patel.343@yahoo.com,Nikhil,Patel,+918701717837,Bengaluru,India
ananya.kumar.344@outlook.com,Ananya,Kumar,+916277377809,Jaipur,India
deepak.jain.345@outlook.com,Deepak,Jain,+919909683008,Ahmedabad,India
ritu.mukherjee.346@gmail.com,Ritu,Mukherjee,+919682817251,Mumbai,India
shubham.ghosh.347@gmail.com,Shubham,Ghosh,+918518652455,Kolkata,India
kunal.mehta.348@gmail.com,Kunal,Mehta,+917188649924,Gurgaon,India
nikhil.verma.349@gmail.com,Nikhil,Verma,+918425865807,Indore,India
manish.ghosh.350@yahoo.com,Manish,Ghosh,+917652236564,Pune,India
aarav.mehta.351@yahoo.com,Aarav,Mehta,+916978797029,Gurgaon,India
rohan.chopra.352@outlook.com,Rohan,Chopra,+917254709826,Ahmedabad,India
ritu.kumar.353@gmail.com,Ritu,Kumar,+916690353718,Chennai,India
swati.mukherjee.354@outlook.com,Swati,Mukherjee,+917828438322,Bengaluru,India
sneha.rao.355@gmail.com,Sneha,Rao,+916915404357,Bengaluru,India
ananya.kumar.356@yahoo.com,Ananya,Kumar,+919044110015,Chennai,India
aditya.gupta.357@yahoo.com,Aditya,Gupta,+919583629864,Pune,India
shubham.gupta.358@gmail.com,Shubham,Gupta,+916124463040,Ahmedabad,India
isha.kumar.359@outlook.com,Isha,Kumar,+916668355678,Chennai,India
manish.chatterjee.360@outlook.com,Manish,Chatterjee,+916963691545,Mumbai,India
akash.reddy.361@gmail.com,Akash,Reddy,+916237936778,Pune,India
rahul.gupta.362@gmail.com,Rahul,Gupta,+916607572758,Ahmedabad,India
amit.iyer.363@yahoo.com,Amit,Iyer,+916048510104,Delhi,India
ramesh.gupta.364@gmail.com,Ramesh,Gupta,+916484559191,Jaipur,India
rohan.singh.365@outlook.com,Rohan,Singh,+919500852750,Indore,India
vikas.singh.366@yahoo.com,Vikas,Singh,+919981632647,Ahmedabad,India
arjun.khanna.367@outlook.com,Arjun,Khanna,+918599960588,Noida,India
kavya.gupta.368@outlook.com,Kavya,Gupta,+918385595382,Mumbai,India
rahul.gupta.369@outlook.com,Rahul,Gupta,+917856906611,Noida,India
amit.malhotra.370@yahoo.com,Amit,Malhotra,+916865216517,Mumbai,India
ananya.agarwal.371@gmail.com,Ananya,Agarwal,+917192138669,Hyderabad,India
vivaan.ghosh.372@outlook.com,Vivaan,Ghosh,+916160382186,Bengaluru,India
nandini.khanna.373@yahoo.com,Nandini,Khanna,+916745609109,Chennai,India
vivaan.reddy.374@gmail.com,Vivaan,Reddy,+918203325161,Indore,India
aarav.mukherjee.375@gmail.com,Aarav,Mukherjee,+916290145762,Delhi,India
suresh.kumar.376@outlook.com,Suresh,Kumar,+918118861140,Hyderabad,India
aditya.singh.377@gmail.com,Aditya,Singh,+916702360543,Pune,India
suresh.gupta.378@yahoo.com,Suresh,Gupta,+918710701716,Indore,India
suresh.mukherjee.379@gmail.com,Suresh,Mukherjee,+918416755341,Jaipur,India
kunal.sharma.380@gmail.com,Kunal,Sharma,+919806651818,Hyderabad,India
rohan.patel.381@outlook.com,Rohan,Patel,+919454145321,Delhi,India
akash.kumar.382@gmail.com,Akash,Kumar,+916641657986,Indore,India
rohan.jain.383@outlook.com,Rohan,Jain,+918072218733,Indore,India
priya.singh.384@gmail.com,Priya,Singh,+916237022019,Hyderabad,India
vivaan.bansal.385@yahoo.com,Vivaan,Bansal,+917233754957,Mumbai,India
priya.sharma.386@gmail.com,Priya,Sharma,+916373217300,Pune,India
sneha.bansal.387@gmail.com,Sneha,Bansal,+918425688277,Mumbai,India
meera.bansal.388@gmail.com,Meera,Bansal,+917064823347,Jaipur,India
aditya.iyer.389@outlook.com,Aditya,Iyer,+917049736315,Ahmedabad,India
ramesh.malhotra.390@yahoo.com,Ramesh,Malhotra,+918883006785,Noida,India
nandini.kumar.391@gmail.com,Nandini,Kumar,+919113835955,Chennai,India
amit.gupta.392@gmail.com,Amit,Gupta,+918835789124,Kolkata,India
shubham.bansal.393@gmail.com,Shubham,Bansal,+916273277589,Bengaluru,India
kunal.chopra.394@yahoo.com,Kunal,Chopra,+918003859094,Gurgaon,India
ritu.jain.395@gmail.com,Ritu,Jain,+918341008442,Hyderabad,India
meera.verma.396@outlook.com,Meera,Verma,+919563642047,Chennai,India
kavya.das.397@outlook.com,Kavya,Das,+917017499200,Hyderabad,India
ananya.jain.398@yahoo.com,Ananya,Jain,+919974912092,Ahmedabad,India
neha.agarwal.399@yahoo.com,Neha,Agarwal,+916527685044,Noida,India
nikhil.ghosh.400@outlook.com,Nikhil,Ghosh,+917362391157,Mumbai,India
pooja.chopra.401@gmail.com,Pooja,Chopra,+916349749419,Jaipur,India
vivaan.patel.402@gmail.com,Vivaan,Patel,+917733777085,Bengaluru,India
kunal.singh.403@yahoo.com,Kunal,Singh,+917662033741,Bengaluru,India
aditya.agarwal.404@outlook.com,Aditya,Agarwal,+917282783561,Ahmedabad,India
shubham.singh.405@gmail.com,Shubham,Singh,+917007523608,Bengaluru,India
nandini.sharma.406@gmail.com,Nandini,Sharma,+918976071184,Ahmedabad,India
vivaan.verma.407@yahoo.com,Vivaan,Verma,+916621293074,Pune,India
vivaan.khanna.408@gmail.com,Vivaan,Khanna,+918242569700,Noida,India
suresh.mehta.409@outlook.com,Suresh,Mehta,+919331478479,Delhi,India
ramesh.chatterjee.410@yahoo.com,Ramesh,Chatterjee,+917191136384,Kolkata,India
anjali.rao.411@yahoo.com,Anjali,Rao,+916396644152,Pune,India
arjun.chatterjee.412@gmail.com,Arjun,Chatterjee,+918531047929,Delhi,India
neha.verma.413@gmail.com,Neha,Verma,+918513644894,Pune,India
meera.iyer.414@outlook.com,Meera,Iyer,+918837152597,Mumbai,India
aarav.mehta.415@yahoo.com,Aarav,Mehta,+917287726123,Gurgaon,India
swati.rao.416@outlook.com,Swati,Rao,+917026778852,Ahmedabad,India
ritu.jain.417@gmail.com,Ritu,Jain,+917924388213,Kolkata,India
nandini.khanna.418@gmail.com,Nandini,Khanna,+919158056391,Gurgaon,India
kunal.reddy.419@yahoo.com,Kunal,Reddy,+919020709823,Jaipur,India
nandini.gupta.420@gmail.com,Nandini,Gupta,+919662146519,Delhi,India
ananya.chatterjee.421@outlook.com,Ananya,Chatterjee,+916648846686,Noida,India
aditya.mukherjee.422@yahoo.com,Aditya,Mukherjee,+918969429475,Delhi,India
suresh.kumar.423@gmail.com,Suresh,Kumar,+917176923120,Indore,India
nandini.iyer.424@yahoo.com,Nandini,Iyer,+918451071002,Hyderabad,India
mahesh.mukherjee.425@yahoo.com,Mahesh,Mukherjee,+916600707368,Noida,India
meera.malhotra.426@outlook.com,Meera,Malhotra,+917489267138,Delhi,India
sneha.chopra.427@yahoo.com,Sneha,Chopra,+918999944706,Indore,India
vivaan.mehta.428@yahoo.com,Vivaan,Mehta,+918114812990,Pune,India
ananya.sharma.429@outlook.com,Ananya,Sharma,+917905847296,Bengaluru,India
isha.mehta.430@outlook.com,Isha,Mehta,+916621055807,Chennai,India
anjali.reddy.431@yahoo.com,Anjali,Reddy,+919000187654,Chennai,India
rohan.kumar.432@gmail.com,Rohan,Kumar,+916470062184,Delhi,India
isha.jain.433@gmail.com,Isha,Jain,+916626313102,Chennai,India
ritu.das.434@yahoo.com,Ritu,Das,+917001407601,Chennai,India
anjali.sharma.435@yahoo.com,Anjali,Sharma,+916941898820,Delhi,India
nandini.banerjee.436@gmail.com,Nandini,Banerjee,+918142507488,Hyderabad,India
ramesh.mukherjee.437@outlook.com,Ramesh,Mukherjee,+916165876469,Delhi,India
isha.gupta.438@yahoo.com,Isha,Gupta,+919281552387,Gurgaon,India
manish.ghosh.439@gmail.com,Manish,Ghosh,+918073181345,Hyderabad,India
nikhil.kumar.440@gmail.com,Nikhil,Kumar,+918891561329,Chennai,India
mahesh.chopra.441@gmail.com,Mahesh,Chopra,+916550158066,Bengaluru,India
ananya.chopra.442@outlook.com,Ananya,Chopra,+919388659769,Indore,India
manish.gupta.443@outlook.com,Manish,Gupta,+919697479356,Chennai,India
akash.mukherjee.444@yahoo.com,Akash,Mukherjee,+917225012386,Ahmedabad,India
meera.iyer.445@yahoo.com,Meera,Iyer,+916016720042,Ahmedabad,India
nikhil.reddy.446@yahoo.com,Nikhil,Reddy,+916239830448,Bengaluru,India
isha.malhotra.447@gmail.com,Isha,Malhotra,+916875794320,Noida,India
amit.mukherjee.448@gmail.com,Amit,Mukherjee,+917545496466,Gurgaon,India
ananya.singh.449@gmail.com,Ananya,Singh,+916875700037,Delhi,India
ramesh.jain.450@gmail.com,Ramesh,Jain,+916642207998,Hyderabad,India
ramesh.kumar.451@gmail.com,Ramesh,Kumar,+917109429853,Chennai,India
ritika.bansal.452@gmail.com,Ritika,Bansal,+917222144461,Chennai,India
meera.malhotra.453@yahoo.com,Meera,Malhotra,+918191089913,Noida,India
arjun.agarwal.454@outlook.com,Arjun,Agarwal,+918531051973,Chennai,India
deepak.kumar.455@yahoo.com,Deepak,Kumar,+918115573314,Noida,India
rohan.singh.456@outlook.com,Rohan,Singh,+918199822463,Ahmedabad,India
kunal.agarwal.457@gmail.com,Kunal,Agarwal,+916396106686,Delhi,India
rohan.gupta.458@yahoo.com,Rohan,Gupta,+918473825123,Noida,India
aarav.das.459@yahoo.com,Aarav,Das,+917700816030,Gurgaon,India
pooja.banerjee.460@gmail.com,Pooja,Banerjee,+918219557893,Jaipur,India
suresh.mukherjee.461@yahoo.com,Suresh,Mukherjee,+918135172446,Indore,India
priya.sharma.462@yahoo.com,Priya,Sharma,+917764779016,Noida,India
neha.das.463@gmail.com,Neha,Das,+919848571731,Mumbai,India
shubham.mukherjee.464@outlook.com,Shubham,Mukherjee,+916110044991,Bengaluru,India
vikas.bansal.465@yahoo.com,Vikas,Bansal,+916285570645,Pune,India
shubham.agarwal.466@yahoo.com,Shubham,Agarwal,+917080172583,Jaipur,India
vivaan.sharma.467@outlook.com,Vivaan,Sharma,+916230854344,Gurgaon,India
vikas.agarwal.468@yahoo.com,Vikas,Agarwal,+918471234742,Indore,India
pooja.gupta.469@gmail.com,Pooja,Gupta,+917976909002,Indore,India
ritika.verma.470@outlook.com,Ritika,Verma,+919240314839,Indore,India
nikhil.reddy.471@yahoo.com,Nikhil,Reddy,+919945216538,Indore,India
sneha.malhotra.472@outlook.com,Sneha,Malhotra,+919420974601,Pune,India
ritika.rao.473@outlook.com,Ritika,Rao,+917094949653,Ahmedabad,India
nandini.sharma.474@yahoo.com,Nandini,Sharma,+918277229506,Kolkata,India
nikhil.mehta.475@outlook.com,Nikhil,Mehta,+919139298088,Jaipur,India
mahesh.mehta.476@yahoo.com,Mahesh,Mehta,+917246585191,Chennai,India
nandini.banerjee.477@yahoo.com,Nandini,Banerjee,+916341319610,Mumbai,India
isha.chopra.478@gmail.com,Isha,Chopra,+919035245266,Chennai,India
akash.mehta.479@gmail.com,Akash,Mehta,+919353739211,Delhi,India
shubham.verma.480@yahoo.com,Shubham,Verma,+918960644610,Pune,India
aditya.singh.481@outlook.com,Aditya,Singh,+918943628685,Mumbai,India
swati.rao.482@outlook.com,Swati,Rao,+917913130031,Kolkata,India
vikas.mukherjee.483@outlook.com,Vikas,Mukherjee,+917778163536,Kolkata,India
aditya.reddy.484@gmail.com,Aditya,Reddy,+916271125478,Kolkata,India
sneha.chopra.485@gmail.com,Sneha,Chopra,+917198379119,Delhi,India
nikhil.patel.486@outlook.com,Nikhil,Patel,+918894237453,Ahmedabad,India
vivaan.reddy.487@yahoo.com,Vivaan,Reddy,+918882747966,Pune,India
priya.agarwal.488@gmail.com,Priya,Agarwal,+916205132654,Kolkata,India
neha.mukherjee.489@yahoo.com,Neha,Mukherjee,+917222582914,Mumbai,India
aarav.malhotra.490@yahoo.com,Aarav,Malhotra,+918870283942,Indore,India
pooja.patel.491@yahoo.com,Pooja,Patel,+917577484345,Ahmedabad,India
arjun.kumar.492@outlook.com,Arjun,Kumar,+919463562801,Indore,India
ritu.verma.493@yahoo.com,Ritu,Verma,+919792659570,Bengaluru,India
arjun.agarwal.494@yahoo.com,Arjun,Agarwal,+919332833211,Noida,India
neha.kumar.495@yahoo.com,Neha,Kumar,+917032662149,Noida,India
kavya.banerjee.496@yahoo.com,Kavya,Banerjee,+918650177222,Hyderabad,India
aarav.singh.497@gmail.com,Aarav,Singh,+918663782973,Mumbai,India
deepak.iyer.498@outlook.com,Deepak,Iyer,+919902719462,Ahmedabad,India
neha.banerjee.499@outlook.com,Neha,Banerjee,+918282375714,Ahmedabad,India
anjali.kumar.500@outlook.com,Anjali,Kumar,+918868690957,Mumbai,India
suresh.jain.501@yahoo.com,Suresh,Jain,+916526565801,Gurgaon,India
priya.chopra.502@gmail.com,Priya,Chopra,+916579272875,Delhi,India
mahesh.kumar.503@outlook.com,Mahesh,Kumar,+916934227468,Gurgaon,India
kunal.ghosh.504@outlook.com,Kunal,Ghosh,+918250585626,Kolkata,India
arjun.agarwal.505@gmail.com,Arjun,Agarwal,+919179398407,Bengaluru,India
deepak.patel.506@gmail.com,Deepak,Patel,+917480392402,Noida,India
ananya.iyer.507@yahoo.com,Ananya,Iyer,+917005978081,Pune,India
isha.singh.508@gmail.com,Isha,Singh,+916710336469,Chennai,India
ritika.bansal.509@outlook.com,Ritika,Bansal,+919496036749,Bengaluru,India
shubham.bansal.510@gmail.com,Shubham,Bansal,+916919808544,Mumbai,India
neha.gupta.511@gmail.com,Neha,Gupta,+918073617858,Mumbai,India
aarav.chatterjee.512@gmail.com,Aarav,Chatterjee,+917426356857,Kolkata,India
akash.chatterjee.513@gmail.com,Akash,Chatterjee,+919098685446,Bengaluru,India
aarav.bansal.514@gmail.com,Aarav,Bansal,+917392405608,Mumbai,India
pooja.jain.515@yahoo.com,Pooja,Jain,+916969854412,Chennai,India
nandini.reddy.516@gmail.com,Nandini,Reddy,+919060845478,Mumbai,India
isha.reddy.517@gmail.com,Isha,Reddy,+919316751015,Hyderabad,India
neha.reddy.518@gmail.com,Neha,Reddy,+919071669955,Ahmedabad,India
shubham.iyer.519@outlook.com,Shubham,Iyer,+917163993349,Mumbai,India
neha.jain.520@gmail.com,Neha,Jain,+916488067319,Bengaluru,India
rohan.mehta.521@outlook.com,Rohan,Mehta,+918121804596,Hyderabad,India
pooja.iyer.522@yahoo.com,Pooja,Iyer,+917754535416,Bengaluru,India
kunal.rao.523@yahoo.com,Kunal,Rao,+916562547058,Mumbai,India
vikas.jain.524@outlook.com,Vikas,Jain,+917884372375,Noida,India
ramesh.das.525@outlook.com,Ramesh,Das,+918381551323,Indore,India
kavya.agarwal.526@outlook.com,Kavya,Agarwal,+919811476314,Jaipur,India
akash.ghosh.527@yahoo.com,Akash,Ghosh,+917296742111,Jaipur,India
aditya.khanna.528@outlook.com,Aditya,Khanna,+918828088300,Gurgaon,India
vivaan.kumar.529@outlook.com,Vivaan,Kumar,+918678782688,Jaipur,India
vivaan.rao.530@gmail.com,Vivaan,Rao,+916573315944,Gurgaon,India
meera.jain.531@outlook.com,Meera,Jain,+919710400975,Hyderabad,India
neha.mehta.532@yahoo.com,Neha,Mehta,+916852284718,Kolkata,India
neha.sharma.533@gmail.com,Neha,Sharma,+917150562201,Gurgaon,India
amit.gupta.534@yahoo.com,Amit,Gupta,+917730827260,Mumbai,India
isha.agarwal.535@outlook.com,Isha,Agarwal,+919975191583,Bengaluru,India
rohan.sharma.536@gmail.com,Rohan,Sharma,+919371767954,Gurgaon,India
ananya.iyer.537@gmail.com,Ananya,Iyer,+918753411971,Kolkata,India
kunal.mukherjee.538@yahoo.com,Kunal,Mukherjee,+919100539758,Hyderabad,India
anjali.iyer.539@yahoo.com,Anjali,Iyer,+917774574184,Gurgaon,India
sneha.iyer.540@yahoo.com,Sneha,Iyer,+916774453274,Pune,India
neha.singh.541@yahoo.com,Neha,Singh,+917500000596,Indore,India
nandini.jain.542@yahoo.com,Nandini,Jain,+917099605213,Hyderabad,India
rahul.kumar.543@yahoo.com,Rahul,Kumar,+919003526782,Mumbai,India
kavya.mehta.544@yahoo.com,Kavya,Mehta,+918203600032,Noida,India
anjali.chopra.545@gmail.com,Anjali,Chopra,+918592932597,Pune,India
ramesh.kumar.546@outlook.com,Ramesh,Kumar,+919237555757,Delhi,India
mahesh.verma.547@gmail.com,Mahesh,Verma,+916770141447,Ahmedabad,India
meera.iyer.548@outlook.com,Meera,Iyer,+917654990584,Gurgaon,India
isha.mukherjee.549@outlook.com,Isha,Mukherjee,+916243266382,Mumbai,India
priya.kumar.550@outlook.com,Priya,Kumar,+918446608979,Pune,India
ramesh.sharma.551@gmail.com,Ramesh,Sharma,+918107815680,Chennai,India
nandini.jain.552@gmail.com,Nandini,Jain,+919493130228,Noida,India
kunal.verma.553@yahoo.com,Kunal,Verma,+919827205671,Noida,India
pooja.khanna.554@yahoo.com,Pooja,Khanna,+919876838376,Indore,India
ananya.banerjee.555@yahoo.com,Ananya,Banerjee,+916412427828,Gurgaon,India
ritu.patel.556@outlook.com,Ritu,Patel,+917675417343,Ahmedabad,India
nikhil.singh.557@gmail.com,Nikhil,Singh,+917243665694,Kolkata,India
meera.reddy.558@yahoo.com,Meera,Reddy,+919646076246,Kolkata,India
rohan.iyer.559@outlook.com,Rohan,Iyer,+919904277079,Chennai,India
meera.das.560@gmail.com,Meera,Das,+918099981890,Bengaluru,India
nandini.mehta.561@yahoo.com,Nandini,Mehta,+917158661890,Jaipur,India
sneha.banerjee.562@yahoo.com,Sneha,Banerjee,+919786232495,Bengaluru,India
manish.bansal.563@yahoo.com,Manish,Bansal,+919263374695,Bengaluru,India
mahesh.ghosh.564@gmail.com,Mahesh,Ghosh,+917893425572,Kolkata,India
ramesh.kumar.565@outlook.com,Ramesh,Kumar,+917207046643,Indore,India
akash.kumar.566@outlook.com,Akash,Kumar,+917700418233,Kolkata,India
nikhil.jain.567@yahoo.com,Nikhil,Jain,+918536649602,Ahmedabad,India
amit.bansal.568@outlook.com,Amit,Bansal,+918032015309,Hyderabad,India
meera.khanna.569@gmail.com,Meera,Khanna,+918401749870,Noida,India
priya.rao.570@outlook.com,Priya,Rao,+917714278761,Ahmedabad,India
isha.sharma.571@outlook.com,Isha,Sharma,+917795124061,Jaipur,India
aditya.verma.572@yahoo.com,Aditya,Verma,+916718598537,Ahmedabad,India
rahul.khanna.573@yahoo.com,Rahul,Khanna,+916777524573,Jaipur,India
nandini.mukherjee.574@yahoo.com,Nandini,Mukherjee,+916260363859,Jaipur,India
neha.agarwal.575@yahoo.com,Neha,Agarwal,+917869769651,Noida,India
akash.malhotra.576@gmail.com,Akash,Malhotra,+917686995710,Delhi,India
akash.chatterjee.577@outlook.com,Akash,Chatterjee,+917774183202,Pune,India
rohan.bansal.578@gmail.com,Rohan,Bansal,+917615974291,Indore,India
rohan.banerjee.579@gmail.com,Rohan,Banerjee,+916184589693,Ahmedabad,India
sneha.bansal.580@yahoo.com,Sneha,Bansal,+919592811005,Delhi,India
mahesh.chopra.581@outlook.com,Mahesh,Chopra,+916164810719,Gurgaon,India
ramesh.kumar.582@gmail.com,Ramesh,Kumar,+918634416541,Gurgaon,India
shubham.singh.583@gmail.com,Shubham,Singh,+919076570661,Delhi,India
vikas.ghosh.584@gmail.com,Vikas,Ghosh,+918806629859,Indore,India
mahesh.iyer.585@yahoo.com,Mahesh,Iyer,+919445813219,Hyderabad,India
pooja.reddy.586@outlook.com,Pooja,Reddy,+917833395117,Pune,India
rohan.mukherjee.587@yahoo.com,Rohan,Mukherjee,+916128152073,Chennai,India
vivaan.iyer.588@yahoo.com,Vivaan,Iyer,+918972386808,Kolkata,India
priya.banerjee.589@gmail.com,Priya,Banerjee,+917215235836,Gurgaon,India
arjun.agarwal.590@gmail.com,Arjun,Agarwal,+917941619071,Delhi,India
neha.chopra.591@yahoo.com,Neha,Chopra,+919934655231,Gurgaon,India
priya.sharma.592@yahoo.com,Priya,Sharma,+917691256739,Noida,India
shubham.verma.593@outlook.com,Shubham,Verma,+919694436150,Kolkata,India
suresh.das.594@yahoo.com,Suresh,Das,+917688770766,Kolkata,India
aditya.mukherjee.595@gmail.com,Aditya,Mukherjee,+917167138459,Indore,India
akash.mehta.596@outlook.com,Akash,Mehta,+918304550204,Gurgaon,India
vikas.jain.597@yahoo.com,Vikas,Jain,+919884203867,Bengaluru,India
arjun.verma.598@outlook.com,Arjun,Verma,+917071612907,Ahmedabad,India
ramesh.das.599@gmail.com,Ramesh,Das,+917321808857,Delhi,India
sneha.sharma.600@outlook.com,Sneha,Sharma,+916879353831,Bengaluru,India
deepak.das.601@outlook.com,Deepak,Das,+919931148784,Ahmedabad,India
ritu.agarwal.602@gmail.com,Ritu,Agarwal,+917161847927,Hyderabad,India
nandini.singh.603@outlook.com,Nandini,Singh,+919869414887,Delhi,India
pooja.banerjee.604@gmail.com,Pooja,Banerjee,+917536446279,Hyderabad,India
arjun.das.605@gmail.com,Arjun,Das,+918117511289,Indore,India
ritu.sharma.606@outlook.com,Ritu,Sharma,+918092335000,Pune,India
shubham.chatterjee.607@yahoo.com,Shubham,Chatterjee,+917376256678,Indore,India
mahesh.chatterjee.608@yahoo.com,Mahesh,Chatterjee,+916531859777,Mumbai,India
suresh.agarwal.609@yahoo.com,Suresh,Agarwal,+917084271002,Mumbai,India
anjali.chatterjee.610@outlook.com,Anjali,Chatterjee,+917645882813,Chennai,India
nandini.khanna.611@gmail.com,Nandini,Khanna,+916776325901,Jaipur,India
kunal.mukherjee.612@outlook.com,Kunal,Mukherjee,+916899834867,Indore,India
manish.mehta.613@yahoo.com,Manish,Mehta,+919456862426,Pune,India
anjali.bansal.614@outlook.com,Anjali,Bansal,+917509034448,Bengaluru,India
vikas.verma.615@gmail.com,Vikas,Verma,+918925497204,Jaipur,India
akash.reddy.616@gmail.com,Akash,Reddy,+916665353228,Kolkata,India
kavya.patel.617@outlook.com,Kavya,Patel,+918229250698,Pune,India
ananya.banerjee.618@yahoo.com,Ananya,Banerjee,+916472579721,Delhi,India
akash.chopra.619@yahoo.com,Akash,Chopra,+916063196931,Pune,India
kunal.rao.620@yahoo.com,Kunal,Rao,+918373615969,Ahmedabad,India
ritika.khanna.621@outlook.com,Ritika,Khanna,+917490911635,Kolkata,India
kunal.verma.622@outlook.com,Kunal,Verma,+919690222243,Chennai,India
manish.gupta.623@gmail.com,Manish,Gupta,+918228917091,Noida,India
aarav.sharma.624@gmail.com,Aarav,Sharma,+916156368310,Delhi,India
aditya.singh.625@outlook.com,Aditya,Singh,+919372198700,Indore,India
ramesh.ghosh.626@yahoo.com,Ramesh,Ghosh,+919652019463,Mumbai,India
deepak.iyer.627@yahoo.com,Deepak,Iyer,+918884881092,Chennai,India
ritika.rao.628@yahoo.com,Ritika,Rao,+919238802114,Mumbai,India
suresh.rao.629@gmail.com,Suresh,Rao,+916379687616,Gurgaon,India
nandini.patel.630@yahoo.com,Nandini,Patel,+919839426157,Chennai,India
shubham.kumar.631@yahoo.com,Shubham,Kumar,+916850239823,Ahmedabad,India
meera.mehta.632@gmail.com,Meera,Mehta,+916694103724,Indore,India
vikas.chatterjee.633@yahoo.com,Vikas,Chatterjee,+917919126017,Mumbai,India
nandini.mehta.634@yahoo.com,Nandini,Mehta,+916774092074,Bengaluru,India
rohan.iyer.635@gmail.com,Rohan,Iyer,+916189755284,Chennai,India
anjali.mukherjee.636@outlook.com,Anjali,Mukherjee,+916903935675,Bengaluru,India
neha.mukherjee.637@yahoo.com,Neha,Mukherjee,+918065590458,Delhi,India
anjali.gupta.638@gmail.com,Anjali,Gupta,+919428345179,Chennai,India
shubham.bansal.639@yahoo.com,Shubham,Bansal,+917140069455,Pune,India
vikas.gupta.640@outlook.com,Vikas,Gupta,+918295030162,Indore,India
neha.patel.641@outlook.com,Neha,Patel,+916862382889,Noida,India
ramesh.chatterjee.642@gmail.com,Ramesh,Chatterjee,+919437348983,Pune,India
aarav.malhotra.643@outlook.com,Aarav,Malhotra,+917374577123,Mumbai,India
swati.chatterjee.644@yahoo.com,Swati,Chatterjee,+918700697904,Delhi,India
ananya.singh.645@gmail.com,Ananya,Singh,+916202287798,Jaipur,India
akash.patel.646@outlook.com,Akash,Patel,+917331873822,Pune,India
rohan.chatterjee.647@gmail.com,Rohan,Chatterjee,+918647645728,Delhi,India
isha.das.648@yahoo.com,Isha,Das,+916569804584,Pune,India
arjun.singh.649@gmail.com,Arjun,Singh,+917855308076,Gurgaon,India
suresh.mehta.650@gmail.com,Suresh,Mehta,+917454204724,Gurgaon,India
ritu.khanna.651@yahoo.com,Ritu,Khanna,+916992100176,Jaipur,India
vikas.patel.652@gmail.com,Vikas,Patel,+918838463355,Indore,India
priya.khanna.653@yahoo.com,Priya,Khanna,+919690259916,Ahmedabad,India
mahesh.chopra.654@outlook.com,Mahesh,Chopra,+917491441897,Bengaluru,India
amit.gupta.655@yahoo.com,Amit,Gupta,+919598154982,Delhi,India
nikhil.banerjee.656@outlook.com,Nikhil,Banerjee,+917566812888,Mumbai,India
ritu.mehta.657@outlook.com,Ritu,Mehta,+917324524031,Indore,India
aarav.iyer.658@yahoo.com,Aarav,Iyer,+917677824206,Kolkata,India
nandini.singh.659@outlook.com,Nandini,Singh,+918400674892,Hyderabad,India
ananya.bansal.660@outlook.com,Ananya,Bansal,+917198169061,Indore,India
shubham.sharma.661@outlook.com,Shubham,Sharma,+919715400807,Chennai,India
manish.chopra.662@gmail.com,Manish,Chopra,+918695592280,Chennai,India
anjali.jain.663@gmail.com,Anjali,Jain,+918593460305,Hyderabad,India
deepak.banerjee.664@gmail.com,Deepak,Banerjee,+918280560655,Indore,India
shubham.gupta.665@gmail.com,Shubham,Gupta,+918830489453,Bengaluru,India
meera.verma.666@outlook.com,Meera,Verma,+917937963178,Gurgaon,India
pooja.singh.667@outlook.com,Pooja,Singh,+917962407936,Hyderabad,India
isha.verma.668@yahoo.com,Isha,Verma,+917952649463,Chennai,India
aarav.chatterjee.669@outlook.com,Aarav,Chatterjee,+918604616514,Delhi,India
rahul.agarwal.670@yahoo.com,Rahul,Agarwal,+918109971755,Noida,India
akash.verma.671@gmail.com,Akash,Verma,+916604943252,Pune,India
suresh.das.672@outlook.com,Suresh,Das,+917660002316,Jaipur,India
ramesh.das.673@gmail.com,Ramesh,Das,+918760212307,Mumbai,India
shubham.malhotra.674@gmail.com,Shubham,Malhotra,+918060427626,Gurgaon,India
rahul.chatterjee.675@outlook.com,Rahul,Chatterjee,+919085970007,Delhi,India
aditya.singh.676@outlook.com,Aditya,Singh,+918402876520,Chennai,India
ramesh.chopra.677@yahoo.com,Ramesh,Chopra,+916608669410,Gurgaon,India
kavya.bansal.678@yahoo.com,Kavya,Bansal,+918704580374,Bengaluru,India
aditya.mehta.679@outlook.com,Aditya,Mehta,+917475719635,Noida,India
manish.malhotra.680@outlook.com,Manish,Malhotra,+919547431105,Gurgaon,India
manish.mukherjee.681@yahoo.com,Manish,Mukherjee,+918417793055,Noida,India
kunal.ghosh.682@yahoo.com,Kunal,Ghosh,+918244197924,Noida,India
ritu.khanna.683@yahoo.com,Ritu,Khanna,+919517349877,Gurgaon,India
amit.banerjee.684@outlook.com,Amit,Banerjee,+919444623445,Noida,India
manish.patel.685@yahoo.com,Manish,Patel,+919055636863,Indore,India
suresh.chopra.686@outlook.com,Suresh,Chopra,+917764999334,Gurgaon,India
ritika.ghosh.687@gmail.com,Ritika,Ghosh,+916407098936,Delhi,India
mahesh.mukherjee.688@gmail.com,Mahesh,Mukherjee,+918700479047,Hyderabad,India
sneha.banerjee.689@gmail.com,Sneha,Banerjee,+916001383030,Hyderabad,India
nikhil.chatterjee.690@outlook.com,Nikhil,Chatterjee,+916089189224,Kolkata,India
manish.gupta.691@outlook.com,Manish,Gupta,+919008993135,Bengaluru,India
vivaan.patel.692@yahoo.com,Vivaan,Patel,+917149692266,Jaipur,India
meera.jain.693@outlook.com,Meera,Jain,+916029718368,Bengaluru,India
akash.rao.694@outlook.com,Akash,Rao,+916136694619,Indore,India
sneha.khanna.695@outlook.com,Sneha,Khanna,+919242435691,Delhi,India
pooja.rao.696@yahoo.com,Pooja,Rao,+919351607211,Hyderabad,India
anjali.sharma.697@outlook.com,Anjali,Sharma,+916941785151,Indore,India
ananya.sharma.698@outlook.com,Ananya,Sharma,+919945889137,Hyderabad,India
ritika.sharma.699@outlook.com,Ritika,Sharma,+917534435990,Ahmedabad,India
rohan.kumar.700@outlook.com,Rohan,Kumar,+919763478636,Hyderabad,India
ananya.singh.701@gmail.com,Ananya,Singh,+918864599231,Kolkata,India
kunal.kumar.702@yahoo.com,Kunal,Kumar,+919878878000,Indore,India
kavya.bansal.703@yahoo.com,Kavya,Bansal,+917936730626,Bengaluru,India
sneha.malhotra.704@yahoo.com,Sneha,Malhotra,+916324067817,Noida,India
priya.bansal.705@yahoo.com,Priya,Bansal,+917867640226,Jaipur,India
nandini.chatterjee.706@yahoo.com,Nandini,Chatterjee,+919021514294,Mumbai,India
priya.verma.707@outlook.com,Priya,Verma,+917602417637,Chennai,India
rahul.banerjee.708@yahoo.com,Rahul,Banerjee,+916244277454,Indore,India
kavya.kumar.709@yahoo.com,Kavya,Kumar,+919827325227,Ahmedabad,India
arjun.malhotra.710@outlook.com,Arjun,Malhotra,+919713683093,Bengaluru,India
aditya.chatterjee.711@outlook.com,Aditya,Chatterjee,+916691869753,Indore,India
akash.kumar.712@gmail.com,Akash,Kumar,+919299358634,Jaipur,India
rahul.chatterjee.713@yahoo.com,Rahul,Chatterjee,+916737473513,Delhi,India
arjun.reddy.714@yahoo.com,Arjun,Reddy,+918772470161,Hyderabad,India
meera.malhotra.715@gmail.com,Meera,Malhotra,+918352395777,Noida,India
ananya.jain.716@yahoo.com,Ananya,Jain,+917516588599,Mumbai,India
ritika.sharma.717@outlook.com,Ritika,Sharma,+919205870511,Bengaluru,India
rahul.malhotra.718@gmail.com,Rahul,Malhotra,+917877818409,Kolkata,India
suresh.singh.719@outlook.com,Suresh,Singh,+918720476243,Bengaluru,India
nandini.iyer.720@outlook.com,Nandini,Iyer,+919903655694,Indore,India
sneha.bansal.721@yahoo.com,Sneha,Bansal,+918785286322,Hyderabad,India
nandini.kumar.722@gmail.com,Nandini,Kumar,+916987932152,Jaipur,India
ananya.das.723@yahoo.com,Ananya,Das,+918109007268,Hyderabad,India
nandini.bansal.724@outlook.com,Nandini,Bansal,+916282108306,Ahmedabad,India
aarav.sharma.725@gmail.com,Aarav,Sharma,+916104859607,Chennai,India
suresh.kumar.726@yahoo.com,Suresh,Kumar,+916186885608,Jaipur,India
priya.jain.727@outlook.com,Priya,Jain,+916425389671,Ahmedabad,India
rahul.malhotra.728@outlook.com,Rahul,Malhotra,+917652708108,Pune,India
manish.jain.729@gmail.com,Manish,Jain,+917380733266,Pune,India
priya.chatterjee.730@gmail.com,Priya,Chatterjee,+918562107802,Ahmedabad,India
ananya.jain.731@yahoo.com,Ananya,Jain,+919301224755,Pune,India
neha.rao.732@yahoo.com,Neha,Rao,+917175503037,Indore,India
amit.sharma.733@yahoo.com,Amit,Sharma,+916497834168,Ahmedabad,India
akash.ghosh.734@yahoo.com,Akash,Ghosh,+916335122139,Gurgaon,India
arjun.reddy.735@yahoo.com,Arjun,Reddy,+916755814998,Pune,India
aarav.ghosh.736@outlook.com,Aarav,Ghosh,+917561697844,Delhi,India
kunal.malhotra.737@gmail.com,Kunal,Malhotra,+917683206933,Noida,India
rahul.mukherjee.738@outlook.com,Rahul,Mukherjee,+919672529245,Kolkata,India
shubham.das.739@outlook.com,Shubham,Das,+918723361273,Ahmedabad,India
priya.singh.740@gmail.com,Priya,Singh,+918337354714,Delhi,India
ananya.khanna.741@outlook.com,Ananya,Khanna,+919826797971,Mumbai,India
anjali.banerjee.742@outlook.com,Anjali,Banerjee,+919912222205,Jaipur,India
ananya.rao.743@yahoo.com,Ananya,Rao,+917785756324,Gurgaon,India
kavya.gupta.744@gmail.com,Kavya,Gupta,+916636307848,Hyderabad,India
swati.mehta.745@outlook.com,Swati,Mehta,+919809984748,Mumbai,India
akash.das.746@outlook.com,Akash,Das,+919737172826,Indore,India
vivaan.patel.747@outlook.com,Vivaan,Patel,+916174816870,Gurgaon,India
suresh.iyer.748@gmail.com,Suresh,Iyer,+917562730265,Jaipur,India
sneha.kumar.749@yahoo.com,Sneha,Kumar,+916906906807,Chennai,India
akash.patel.750@gmail.com,Akash,Patel,+919059349127,Gurgaon,India
pooja.gupta.751@gmail.com,Pooja,Gupta,+919893394628,Noida,India
vivaan.jain.752@outlook.com,Vivaan,Jain,+916058167683,Gurgaon,India
kavya.bansal.753@yahoo.com,Kavya,Bansal,+917172608620,Indore,India
priya.chopra.754@gmail.com,Priya,Chopra,+918263843989,Pune,India
ananya.kumar.755@outlook.com,Ananya,Kumar,+918103063998,Bengaluru,India
meera.mehta.756@yahoo.com,Meera,Mehta,+916122382535,Pune,India
meera.gupta.757@gmail.com,Meera,Gupta,+917772318727,Chennai,India
meera.verma.758@yahoo.com,Meera,Verma,+918943599844,Indore,India
nikhil.kumar.759@outlook.com,Nikhil,Kumar,+918020231921,Chennai,India
kunal.mehta.760@yahoo.com,Kunal,Mehta,+918588615107,Noida,India
priya.gupta.761@outlook.com,Priya,Gupta,+917425561476,Kolkata,India
aditya.malhotra.762@outlook.com,Aditya,Malhotra,+916087935359,Mumbai,India
aditya.jain.763@gmail.com,Aditya,Jain,+917363304202,Bengaluru,India
pooja.ghosh.764@yahoo.com,Pooja,Ghosh,+917875622766,Hyderabad,India
kavya.singh.765@yahoo.com,Kavya,Singh,+916982698789,Hyderabad,India
isha.mukherjee.766@outlook.com,Isha,Mukherjee,+918023766163,Chennai,India
ritu.das.767@outlook.com,Ritu,Das,+918420600528,Indore,India
ritu.mehta.768@yahoo.com,Ritu,Mehta,+916162957709,Mumbai,India
aarav.chatterjee.769@outlook.com,Aarav,Chatterjee,+919943820084,Mumbai,India
priya.reddy.770@gmail.com,Priya,Reddy,+916836485184,Delhi,India
arjun.mukherjee.771@gmail.com,Arjun,Mukherjee,+919765216980,Noida,India
ramesh.mukherjee.772@gmail.com,Ramesh,Mukherjee,+919297549681,Kolkata,India
shubham.reddy.773@gmail.com,Shubham,Reddy,+918575459129,Kolkata,India
isha.reddy.774@yahoo.com,Isha,Reddy,+917860011315,Noida,India
ramesh.patel.775@yahoo.com,Ramesh,Patel,+916919405598,Ahmedabad,India
ritu.chatterjee.776@outlook.com,Ritu,Chatterjee,+917814761349,Noida,India
aarav.iyer.777@gmail.com,Aarav,Iyer,+918034399723,Ahmedabad,India
pooja.chatterjee.778@gmail.com,Pooja,Chatterjee,+918065486265,Indore,India
neha.chatterjee.779@gmail.com,Neha,Chatterjee,+917079197893,Jaipur,India
nikhil.rao.780@gmail.com,Nikhil,Rao,+919912270773,Chennai,India
ramesh.reddy.781@yahoo.com,Ramesh,Reddy,+918439670999,Kolkata,India
mahesh.malhotra.782@gmail.com,Mahesh,Malhotra,+918721585072,Gurgaon,India
priya.malhotra.783@gmail.com,Priya,Malhotra,+918592892952,Mumbai,India
sneha.banerjee.784@yahoo.com,Sneha,Banerjee,+919326628958,Chennai,India
rahul.kumar.785@yahoo.com,Rahul,Kumar,+916905442942,Hyderabad,India
shubham.singh.786@yahoo.com,Shubham,Singh,+919754356468,Noida,India
swati.malhotra.787@outlook.com,Swati,Malhotra,+919912184270,Delhi,India
neha.malhotra.788@yahoo.com,Neha,Malhotra,+917721451418,Mumbai,India
kunal.mehta.789@outlook.com,Kunal,Mehta,+916468613456,Noida,India
neha.mukherjee.790@yahoo.com,Neha,Mukherjee,+917759987867,Kolkata,India
mahesh.rao.791@gmail.com,Mahesh,Rao,+918787978451,Ahmedabad,India
nandini.chopra.792@yahoo.com,Nandini,Chopra,+917881052111,Delhi,India
sneha.das.793@yahoo.com,Sneha,Das,+917450214546,Hyderabad,India
isha.ghosh.794@yahoo.com,Isha,Ghosh,+916144949818,Bengaluru,India
sneha.chatterjee.795@yahoo.com,Sneha,Chatterjee,+916488253107,Jaipur,India
vikas.banerjee.796@gmail.com,Vikas,Banerjee,+919295916405,Noida,India
swati.das.797@gmail.com,Swati,Das,+919246621552,Jaipur,India
swati.mehta.798@outlook.com,Swati,Mehta,+919390891743,Gurgaon,India
nikhil.das.799@yahoo.com,Nikhil,Das,+917611670662,Pune,India
mahesh.khanna.800@gmail.com,Mahesh,Khanna,+917716506620,Gurgaon,India
rohan.das.801@outlook.com,Rohan,Das,+918254424825,Pune,India
kunal.das.802@yahoo.com,Kunal,Das,+916140914217,Indore,India
kunal.ghosh.803@outlook.com,Kunal,Ghosh,+918859015220,Gurgaon,India
priya.jain.804@outlook.com,Priya,Jain,+918415020304,Noida,India
suresh.agarwal.805@outlook.com,Suresh,Agarwal,+919536324522,Delhi,India
akash.reddy.806@gmail.com,Akash,Reddy,+916724456418,Kolkata,India
isha.patel.807@gmail.com,Isha,Patel,+916171341393,Bengaluru,India
ritika.reddy.808@outlook.com,Ritika,Reddy,+916910117225,Chennai,India
aarav.jain.809@gmail.com,Aarav,Jain,+917231487486,Bengaluru,India
ananya.agarwal.810@gmail.com,Ananya,Agarwal,+919038783280,Kolkata,India
manish.das.811@yahoo.com,Manish,Das,+916952000485,Delhi,India
vivaan.bansal.812@gmail.com,Vivaan,Bansal,+919308459407,Gurgaon,India
akash.mukherjee.813@gmail.com,Akash,Mukherjee,+916086263112,Chennai,India
deepak.kumar.814@yahoo.com,Deepak,Kumar,+917052765029,Pune,India
kunal.agarwal.815@outlook.com,Kunal,Agarwal,+918827838441,Gurgaon,India
rahul.bansal.816@yahoo.com,Rahul,Bansal,+917601239864,Ahmedabad,India
neha.agarwal.817@gmail.com,Neha,Agarwal,+918685535021,Indore,India
isha.iyer.818@outlook.com,Isha,Iyer,+918430639537,Mumbai,India
meera.ghosh.819@gmail.com,Meera,Ghosh,+918001867754,Chennai,India
priya.gupta.820@yahoo.com,Priya,Gupta,+918985923661,Indore,India
ritu.banerjee.821@gmail.com,Ritu,Banerjee,+919462073019,Bengaluru,India
vikas.ghosh.822@outlook.com,Vikas,Ghosh,+919592519341,Chennai,India
ritika.reddy.823@outlook.com,Ritika,Reddy,+918401112849,Noida,India
aditya.gupta.824@outlook.com,Aditya,Gupta,+918565684668,Chennai,India
nandini.malhotra.825@gmail.com,Nandini,Malhotra,+917813822537,Jaipur,India
arjun.banerjee.826@outlook.com,Arjun,Banerjee,+919381033045,Delhi,India
rohan.malhotra.827@outlook.com,Rohan,Malhotra,+918810669240,Chennai,India
ritu.das.828@outlook.com,Ritu,Das,+918622183641,Indore,India
sneha.reddy.829@outlook.com,Sneha,Reddy,+916688719548,Gurgaon,India
vikas.bansal.830@yahoo.com,Vikas,Bansal,+918104331171,Noida,India
rahul.banerjee.831@gmail.com,Rahul,Banerjee,+918694565473,Mumbai,India
aarav.iyer.832@outlook.com,Aarav,Iyer,+917722812296,Gurgaon,India
isha.mukherjee.833@outlook.com,Isha,Mukherjee,+919273060340,Indore,India
vivaan.chopra.834@gmail.com,Vivaan,Chopra,+919155784652,Chennai,India
vikas.banerjee.835@yahoo.com,Vikas,Banerjee,+919246399252,Pune,India
deepak.iyer.836@yahoo.com,Deepak,Iyer,+916265596113,Delhi,India
ritu.agarwal.837@gmail.com,Ritu,Agarwal,+919973996775,Jaipur,India
rohan.khanna.838@outlook.com,Rohan,Khanna,+916000971272,Chennai,India
kunal.iyer.839@outlook.com,Kunal,Iyer,+919943542456,Bengaluru,India
mahesh.banerjee.840@yahoo.com,Mahesh,Banerjee,+916525441601,Hyderabad,India
swati.malhotra.841@outlook.com,Swati,Malhotra,+917403766631,Chennai,India
aarav.mukherjee.842@gmail.com,Aarav,Mukherjee,+917006378713,Pune,India
nandini.chatterjee.843@outlook.com,Nandini,Chatterjee,+917134983284,Indore,India
akash.mehta.844@yahoo.com,Akash,Mehta,+916387507423,Indore,India
vikas.iyer.845@gmail.com,Vikas,Iyer,+918718060764,Bengaluru,India
meera.das.846@yahoo.com,Meera,Das,+917082441004,Pune,India
amit.chopra.847@outlook.com,Amit,Chopra,+918086393401,Ahmedabad,India
ritu.reddy.848@gmail.com,Ritu,Reddy,+919315486214,Bengaluru,India
deepak.iyer.849@yahoo.com,Deepak,Iyer,+917011218413,Delhi,India
amit.kumar.850@outlook.com,Amit,Kumar,+918197267609,Mumbai,India
ananya.gupta.851@outlook.com,Ananya,Gupta,+919071625683,Gurgaon,India
suresh.patel.852@gmail.com,Suresh,Patel,+918773430375,Kolkata,India
anjali.bansal.853@yahoo.com,Anjali,Bansal,+916012426483,Hyderabad,India
nandini.ghosh.854@yahoo.com,Nandini,Ghosh,+919071662299,Pune,India
manish.malhotra.855@yahoo.com,Manish,Malhotra,+918610725270,Noida,India
rahul.chatterjee.856@yahoo.com,Rahul,Chatterjee,+918659535261,Indore,India
rahul.ghosh.857@yahoo.com,Rahul,Ghosh,+916875258928,Kolkata,India
deepak.das.858@yahoo.com,Deepak,Das,+919917752958,Hyderabad,India
mahesh.reddy.859@yahoo.com,Mahesh,Reddy,+919757122249,Hyderabad,India
ramesh.mukherjee.860@outlook.com,Ramesh,Mukherjee,+918091218771,Bengaluru,India
suresh.iyer.861@yahoo.com,Suresh,Iyer,+918828285836,Delhi,India
aarav.iyer.862@outlook.com,Aarav,Iyer,+919523366308,Chennai,India
priya.patel.863@outlook.com,Priya,Patel,+918081768598,Mumbai,India
deepak.singh.864@outlook.com,Deepak,Singh,+919521155240,Mumbai,India
kavya.chatterjee.865@outlook.com,Kavya,Chatterjee,+918959281377,Noida,India
swati.banerjee.866@gmail.com,Swati,Banerjee,+917247946362,Kolkata,India
isha.gupta.867@gmail.com,Isha,Gupta,+919815960545,Kolkata,India
nikhil.banerjee.868@yahoo.com,Nikhil,Banerjee,+916389704189,Indore,India
rohan.chopra.869@outlook.com,Rohan,Chopra,+918979409857,Chennai,India
ritu.ghosh.870@gmail.com,Ritu,Ghosh,+918774682276,Delhi,India
priya.verma.871@outlook.com,Priya,Verma,+919002788680,Hyderabad,India
vikas.das.872@yahoo.com,Vikas,Das,+919037586865,Kolkata,India
deepak.reddy.873@yahoo.com,Deepak,Reddy,+917774848387,Ahmedabad,India
shubham.chopra.874@yahoo.com,Shubham,Chopra,+918606655813,Jaipur,India
ritika.ghosh.875@yahoo.com,Ritika,Ghosh,+918409155384,Bengaluru,India
aarav.reddy.876@yahoo.com,Aarav,Reddy,+916766877136,Bengaluru,India
nandini.sharma.877@gmail.com,Nandini,Sharma,+917900163672,Pune,India
kunal.das.878@outlook.com,Kunal,Das,+916481839903,Ahmedabad,India
rahul.bansal.879@gmail.com,Rahul,Bansal,+919683134879,Kolkata,India
shubham.malhotra.880@yahoo.com,Shubham,Malhotra,+917523649540,Hyderabad,India
pooja.iyer.881@gmail.com,Pooja,Iyer,+919590651548,Bengaluru,India
aarav.iyer.882@gmail.com,Aarav,Iyer,+918751348363,Hyderabad,India
mahesh.gupta.883@yahoo.com,Mahesh,Gupta,+918249079833,Kolkata,India
vivaan.mehta.884@yahoo.com,Vivaan,Mehta,+916075033677,Jaipur,India
neha.jain.885@gmail.com,Neha,Jain,+918273493177,Pune,India
aditya.agarwal.886@gmail.com,Aditya,Agarwal,+918130926245,Ahmedabad,India
kavya.mukherjee.887@outlook.com,Kavya,Mukherjee,+919122728829,Gurgaon,India
pooja.banerjee.888@gmail.com,Pooja,Banerjee,+919314764801,Jaipur,India
shubham.malhotra.889@yahoo.com,Shubham,Malhotra,+918903343963,Gurgaon,India
meera.das.890@outlook.com,Meera,Das,+919133975426,Kolkata,India
ritu.iyer.891@yahoo.com,Ritu,Iyer,+916020948268,Jaipur,India
nandini.patel.892@gmail.com,Nandini,Patel,+919443057092,Gurgaon,India
sneha.sharma.893@gmail.com,Sneha,Sharma,+919879785119,Indore,India
amit.banerjee.894@yahoo.com,Amit,Banerjee,+919655568210,Indore,India
deepak.singh.895@gmail.com,Deepak,Singh,+916509141755,Indore,India
pooja.gupta.896@gmail.com,Pooja,Gupta,+918350806258,Jaipur,India
rahul.bansal.897@outlook.com,Rahul,Bansal,+919161980365,Chennai,India
priya.reddy.898@gmail.com,Priya,Reddy,+919105475189,Bengaluru,India
kavya.gupta.899@outlook.com,Kavya,Gupta,+917001708188,Hyderabad,India
neha.mukherjee.900@gmail.com,Neha,Mukherjee,+918397119747,Chennai,India
pooja.mehta.901@outlook.com,Pooja,Mehta,+916247141795,Noida,India
ramesh.gupta.902@outlook.com,Ramesh,Gupta,+916405680638,Delhi,India
nandini.kumar.903@yahoo.com,Nandini,Kumar,+918571308591,Chennai,India
neha.verma.904@yahoo.com,Neha,Verma,+916239346791,Gurgaon,India
neha.jain.905@outlook.com,Neha,Jain,+919414519065,Pune,India
arjun.kumar.906@gmail.com,Arjun,Kumar,+919496565470,Kolkata,India
nikhil.patel.907@yahoo.com,Nikhil,Patel,+917239233132,Bengaluru,India
mahesh.gupta.908@yahoo.com,Mahesh,Gupta,+919313500152,Ahmedabad,India
aarav.bansal.909@gmail.com,Aarav,Bansal,+916386909569,Jaipur,India
pooja.kumar.910@gmail.com,Pooja,Kumar,+918410819169,Bengaluru,India
rahul.ghosh.911@outlook.com,Rahul,Ghosh,+916967085652,Chennai,India
ritika.singh.912@gmail.com,Ritika,Singh,+916621459640,Chennai,India
akash.chatterjee.913@gmail.com,Akash,Chatterjee,+918563014276,Bengaluru,India
anjali.mehta.914@yahoo.com,Anjali,Mehta,+916069190190,Indore,India
akash.ghosh.915@outlook.com,Akash,Ghosh,+918534396152,Indore,India
pooja.kumar.916@outlook.com,Pooja,Kumar,+918378168899,Kolkata,India
nandini.banerjee.917@outlook.com,Nandini,Banerjee,+917790102216,Noida,India
ramesh.mukherjee.918@outlook.com,Ramesh,Mukherjee,+919188838567,Ahmedabad,India
meera.chopra.919@outlook.com,Meera,Chopra,+916903337378,Delhi,India
vikas.ghosh.920@outlook.com,Vikas,Ghosh,+918444549924,Mumbai,India
arjun.chopra.921@yahoo.com,Arjun,Chopra,+919683720047,Gurgaon,India
vivaan.bansal.922@gmail.com,Vivaan,Bansal,+918652090667,Mumbai,India
ritika.sharma.923@yahoo.com,Ritika,Sharma,+917324904452,Hyderabad,India
kunal.mukherjee.924@yahoo.com,Kunal,Mukherjee,+917729020123,Chennai,India
neha.reddy.925@outlook.com,Neha,Reddy,+916129423376,Noida,India
neha.patel.926@yahoo.com,Neha,Patel,+917666830807,Bengaluru,India
kunal.mukherjee.927@yahoo.com,Kunal,Mukherjee,+917273150129,Hyderabad,India
nikhil.chopra.928@outlook.com,Nikhil,Chopra,+917172699722,Delhi,India
aditya.das.929@yahoo.com,Aditya,Das,+916241240764,Pune,India
anjali.bansal.930@outlook.com,Anjali,Bansal,+917820539808,Bengaluru,India
aarav.mehta.931@outlook.com,Aarav,Mehta,+918391305734,Gurgaon,India
isha.banerjee.932@yahoo.com,Isha,Banerjee,+919531542412,Jaipur,India
akash.patel.933@yahoo.com,Akash,Patel,+919245114672,Mumbai,India
arjun.jain.934@gmail.com,Arjun,Jain,+918002261856,Delhi,India
isha.patel.935@outlook.com,Isha,Patel,+917305716343,Delhi,India
shubham.kumar.936@outlook.com,Shubham,Kumar,+917162380486,Delhi,India
neha.rao.937@yahoo.com,Neha,Rao,+917073754393,Mumbai,India
kunal.khanna.938@outlook.com,Kunal,Khanna,+919918084837,Mumbai,India
vikas.reddy.939@gmail.com,Vikas,Reddy,+919032362770,Gurgaon,India
arjun.sharma.940@gmail.com,Arjun,Sharma,+917799279327,Gurgaon,India
anjali.iyer.941@gmail.com,Anjali,Iyer,+917798441339,Jaipur,India
pooja.banerjee.942@yahoo.com,Pooja,Banerjee,+917807208976,Pune,India
rahul.patel.943@yahoo.com,Rahul,Patel,+917150209065,Hyderabad,India
kunal.verma.944@yahoo.com,Kunal,Verma,+919060253310,Pune,India
suresh.chopra.945@outlook.com,Suresh,Chopra,+917905679366,Gurgaon,India
kunal.mehta.946@gmail.com,Kunal,Mehta,+917427169244,Ahmedabad,India
ritika.reddy.947@gmail.com,Ritika,Reddy,+919039131302,Indore,India
anjali.gupta.948@outlook.com,Anjali,Gupta,+916229127828,Gurgaon,India
deepak.banerjee.949@yahoo.com,Deepak,Banerjee,+917777313687,Ahmedabad,India
ritika.chatterjee.950@yahoo.com,Ritika,Chatterjee,+918248091049,Kolkata,India
akash.chopra.951@gmail.com,Akash,Chopra,+918123386030,Bengaluru,India
rahul.singh.952@gmail.com,Rahul,Singh,+919777602507,Ahmedabad,India
meera.chatterjee.953@outlook.com,Meera,Chatterjee,+917597636907,Bengaluru,India
kunal.patel.954@outlook.com,Kunal,Patel,+916838709886,Noida,India
mahesh.chopra.955@yahoo.com,Mahesh,Chopra,+919990203529,Gurgaon,India
nandini.khanna.956@yahoo.com,Nandini,Khanna,+916704141865,Ahmedabad,India
suresh.gupta.957@gmail.com,Suresh,Gupta,+916580491803,Noida,India
vivaan.chopra.958@yahoo.com,Vivaan,Chopra,+918987236271,Ahmedabad,India
meera.das.959@yahoo.com,Meera,Das,+917805942929,Mumbai,India
amit.chatterjee.960@gmail.com,Amit,Chatterjee,+916506881429,Indore,India
manish.banerjee.961@gmail.com,Manish,Banerjee,+918512210088,Pune,India
suresh.chopra.962@gmail.com,Suresh,Chopra,+917789138981,Hyderabad,India
aarav.gupta.963@outlook.com,Aarav,Gupta,+916022041512,Kolkata,India
rahul.malhotra.964@gmail.com,Rahul,Malhotra,+917989898467,Ahmedabad,India
kunal.reddy.965@outlook.com,Kunal,Reddy,+918072492475,Bengaluru,India
kunal.gupta.966@gmail.com,Kunal,Gupta,+916537899521,Indore,India
aditya.chopra.967@gmail.com,Aditya,Chopra,+918557294715,Ahmedabad,India
shubham.rao.968@yahoo.com,Shubham,Rao,+917273441819,Gurgaon,India
ananya.ghosh.969@gmail.com,Ananya,Ghosh,+917734578714,Chennai,India
sneha.chopra.970@yahoo.com,Sneha,Chopra,+919744932915,Kolkata,India
kavya.rao.971@outlook.com,Kavya,Rao,+916511754402,Ahmedabad,India
arjun.khanna.972@gmail.com,Arjun,Khanna,+918982430970,Hyderabad,India
aditya.gupta.973@yahoo.com,Aditya,Gupta,+919067907635,Noida,India
akash.kumar.974@yahoo.com,Akash,Kumar,+916226591158,Chennai,India
neha.khanna.975@outlook.com,Neha,Khanna,+917032876544,Gurgaon,India
anjali.rao.976@yahoo.com,Anjali,Rao,+916828135520,Noida,India
pooja.reddy.977@gmail.com,Pooja,Reddy,+916080553932,Mumbai,India
anjali.verma.978@yahoo.com,Anjali,Verma,+919199190449,Hyderabad,India
isha.agarwal.979@yahoo.com,Isha,Agarwal,+918561725702,Pune,India
swati.chatterjee.980@yahoo.com,Swati,Chatterjee,+916452499365,Kolkata,India
aarav.chopra.981@yahoo.com,Aarav,Chopra,+918408010023,Kolkata,India
swati.rao.982@outlook.com,Swati,Rao,+917569720557,Chennai,India
aarav.bansal.983@yahoo.com,Aarav,Bansal,+916775935192,Gurgaon,India
shubham.mukherjee.984@yahoo.com,Shubham,Mukherjee,+918567436295,Kolkata,India
kunal.banerjee.985@outlook.com,Kunal,Banerjee,+919022477726,Ahmedabad,India
kavya.agarwal.986@outlook.com,Kavya,Agarwal,+917778350455,Gurgaon,India
aditya.kumar.987@yahoo.com,Aditya,Kumar,+917402302077,Delhi,India
rohan.agarwal.988@outlook.com,Rohan,Agarwal,+917265355249,Indore,India
anjali.iyer.989@gmail.com,Anjali,Iyer,+918865135319,Jaipur,India
suresh.malhotra.990@gmail.com,Suresh,Malhotra,+916457100174,Gurgaon,India
manish.rao.991@outlook.com,Manish,Rao,+918406488720,Indore,India
akash.chatterjee.992@gmail.com,Akash,Chatterjee,+918656434858,Bengaluru,India
priya.bansal.993@gmail.com,Priya,Bansal,+918401806116,Pune,India
deepak.mukherjee.994@yahoo.com,Deepak,Mukherjee,+919655936274,Noida,India
nikhil.chopra.995@yahoo.com,Nikhil,Chopra,+917208975113,Indore,India
shubham.malhotra.996@yahoo.com,Shubham,Malhotra,+918340126722,Delhi,India
akash.rao.997@yahoo.com,Akash,Rao,+916867767233,Ahmedabad,India
vikas.mehta.998@gmail.com,Vikas,Mehta,+917643324999,Noida,India
priya.singh.999@outlook.com,Priya,Singh,+916679653043,Mumbai,India
anjali.mehta.1000@yahoo.com,Anjali,Mehta,+919526323411,Noida,India
